timestamp,temperature,price,demand
2026-07-01T00:00:00.000Z,25.25,0.1630,549.3
2026-07-01T01:00:00.000Z,22.87,0.1522,499.7
2026-07-01T02:00:00.000Z,22.17,0.1644,452.0
2026-07-01T03:00:00.000Z,20.17,0.1714,412.9
2026-07-01T04:00:00.000Z,17.87,0.1465,388.8
2026-07-01T05:00:00.000Z,17.45,0.1429,375.2
2026-07-01T06:00:00.000Z,14.39,0.1473,357.4
2026-07-01T07:00:00.000Z,14.04,0.1413,348.6
2026-07-01T08:00:00.000Z,13.52,0.1245,362.5
2026-07-01T09:00:00.000Z,13.98,0.1310,424.1
2026-07-01T10:00:00.000Z,13.41,0.1258,401.9
2026-07-01T11:00:00.000Z,14.60,0.1168,419.0
2026-07-01T12:00:00.000Z,14.87,0.1074,447.6
2026-07-01T13:00:00.000Z,17.54,0.1125,483.5
2026-07-01T14:00:00.000Z,18.77,0.1186,515.6
2026-07-01T15:00:00.000Z,19.76,0.1195,536.8
2026-07-01T16:00:00.000Z,21.49,0.1228,588.8
2026-07-01T17:00:00.000Z,24.74,0.1268,608.3
2026-07-01T18:00:00.000Z,24.49,0.1426,649.7
2026-07-01T19:00:00.000Z,27.31,0.1382,672.8
2026-07-01T20:00:00.000Z,27.51,0.1484,684.5
2026-07-01T21:00:00.000Z,27.38,0.1667,659.1
2026-07-01T22:00:00.000Z,26.77,0.1785,618.2
2026-07-01T23:00:00.000Z,26.43,0.1633,561.5
2026-07-02T00:00:00.000Z,25.71,0.1691,573.0
2026-07-02T01:00:00.000Z,25.64,0.1639,496.4
2026-07-02T02:00:00.000Z,24.97,0.1625,472.7
2026-07-02T03:00:00.000Z,22.18,0.1522,421.5
2026-07-02T04:00:00.000Z,20.21,0.1438,408.8
2026-07-02T05:00:00.000Z,19.76,0.1422,396.8
2026-07-02T06:00:00.000Z,15.92,0.1366,386.8
2026-07-02T07:00:00.000Z,15.53,0.1246,375.0
2026-07-02T08:00:00.000Z,14.92,0.1241,396.9
2026-07-02T09:00:00.000Z,16.14,0.1034,441.3
2026-07-02T10:00:00.000Z,16.14,0.0984,468.5
2026-07-02T11:00:00.000Z,14.93,0.1057,485.0
2026-07-02T12:00:00.000Z,18.63,0.1069,494.7
2026-07-02T13:00:00.000Z,18.11,0.0957,512.3
2026-07-02T14:00:00.000Z,21.28,0.1187,540.0
2026-07-02T15:00:00.000Z,21.54,0.1204,560.1
2026-07-02T16:00:00.000Z,23.10,0.1056,576.2
2026-07-02T17:00:00.000Z,26.09,0.1266,657.9
2026-07-02T18:00:00.000Z,26.02,0.1322,660.3
2026-07-02T19:00:00.000Z,27.62,0.1317,692.0
2026-07-02T20:00:00.000Z,29.85,0.1434,708.6
2026-07-02T21:00:00.000Z,29.06,0.1444,695.4
2026-07-02T22:00:00.000Z,29.45,0.1500,649.6
2026-07-02T23:00:00.000Z,28.04,0.1600,632.5
2026-07-03T00:00:00.000Z,28.36,0.1602,562.5
2026-07-03T01:00:00.000Z,26.11,0.1502,522.8
2026-07-03T02:00:00.000Z,24.65,0.1585,489.7
2026-07-03T03:00:00.000Z,24.14,0.1413,426.8
2026-07-03T04:00:00.000Z,20.40,0.1470,442.0
2026-07-03T05:00:00.000Z,19.89,0.1269,416.6
2026-07-03T06:00:00.000Z,19.13,0.1251,423.0
2026-07-03T07:00:00.000Z,17.78,0.1105,423.9
2026-07-03T08:00:00.000Z,17.12,0.1019,439.9
2026-07-03T09:00:00.000Z,17.29,0.1026,456.2
2026-07-03T10:00:00.000Z,15.22,0.0905,474.2
2026-07-03T11:00:00.000Z,18.39,0.0873,506.7
2026-07-03T12:00:00.000Z,18.61,0.0959,523.1
2026-07-03T13:00:00.000Z,20.57,0.0791,540.8
2026-07-03T14:00:00.000Z,20.68,0.0936,566.5
2026-07-03T15:00:00.000Z,22.74,0.0944,568.0
2026-07-03T16:00:00.000Z,25.29,0.1093,623.8
2026-07-03T17:00:00.000Z,26.70,0.1208,662.6
2026-07-03T18:00:00.000Z,27.84,0.1294,667.7
2026-07-03T19:00:00.000Z,28.55,0.1251,684.7
2026-07-03T20:00:00.000Z,29.53,0.1313,697.8
2026-07-03T21:00:00.000Z,30.54,0.1483,695.4
2026-07-03T22:00:00.000Z,29.76,0.1395,664.9
2026-07-03T23:00:00.000Z,28.39,0.1477,656.3
2026-07-04T00:00:00.000Z,27.01,0.1362,543.0
2026-07-04T01:00:00.000Z,26.78,0.1447,527.0
2026-07-04T02:00:00.000Z,24.86,0.1306,446.2
2026-07-04T03:00:00.000Z,22.91,0.1241,429.1
2026-07-04T04:00:00.000Z,20.32,0.1203,397.9
2026-07-04T05:00:00.000Z,19.60,0.1142,386.5
2026-07-04T06:00:00.000Z,17.63,0.1104,400.3
2026-07-04T07:00:00.000Z,16.73,0.1084,386.5
2026-07-04T08:00:00.000Z,16.56,0.0992,393.8
2026-07-04T09:00:00.000Z,14.88,0.0959,399.8
2026-07-04T10:00:00.000Z,15.71,0.0842,425.3
2026-07-04T11:00:00.000Z,15.75,0.0874,498.3
2026-07-04T12:00:00.000Z,18.24,0.0722,465.5
2026-07-04T13:00:00.000Z,18.69,0.0742,512.6
2026-07-04T14:00:00.000Z,20.86,0.0861,523.2
2026-07-04T15:00:00.000Z,21.97,0.0790,545.2
2026-07-04T16:00:00.000Z,23.49,0.0941,589.0
2026-07-04T17:00:00.000Z,26.34,0.1110,635.0
2026-07-04T18:00:00.000Z,28.50,0.1004,629.3
2026-07-04T19:00:00.000Z,29.87,0.1192,699.9
2026-07-04T20:00:00.000Z,28.85,0.1306,672.5
2026-07-04T21:00:00.000Z,29.64,0.1308,649.0
2026-07-04T22:00:00.000Z,28.72,0.1366,638.5
2026-07-04T23:00:00.000Z,29.96,0.1393,602.5
2026-07-05T00:00:00.000Z,27.14,0.1274,540.7
2026-07-05T01:00:00.000Z,24.27,0.1380,505.0
2026-07-05T02:00:00.000Z,21.56,0.1379,437.6
2026-07-05T03:00:00.000Z,20.48,0.1234,389.8
2026-07-05T04:00:00.000Z,19.35,0.1129,405.0
2026-07-05T05:00:00.000Z,16.05,0.1158,359.4
2026-07-05T06:00:00.000Z,16.32,0.1022,367.9
2026-07-05T07:00:00.000Z,14.10,0.0904,365.0
2026-07-05T08:00:00.000Z,13.96,0.0866,389.8
2026-07-05T09:00:00.000Z,14.42,0.0793,424.4
2026-07-05T10:00:00.000Z,13.49,0.0628,447.3
2026-07-05T11:00:00.000Z,15.89,0.0747,486.6
2026-07-05T12:00:00.000Z,16.21,0.0723,470.2
2026-07-05T13:00:00.000Z,17.42,0.0692,502.2
2026-07-05T14:00:00.000Z,20.89,0.0835,552.3
2026-07-05T15:00:00.000Z,21.89,0.0831,560.8
2026-07-05T16:00:00.000Z,21.80,0.0931,596.9
2026-07-05T17:00:00.000Z,24.02,0.0939,597.2
2026-07-05T18:00:00.000Z,26.94,0.0985,650.5
2026-07-05T19:00:00.000Z,27.90,0.1102,693.2
2026-07-05T20:00:00.000Z,27.60,0.1123,684.5
2026-07-05T21:00:00.000Z,28.41,0.1326,683.1
2026-07-05T22:00:00.000Z,27.77,0.1189,636.2
2026-07-05T23:00:00.000Z,28.19,0.1380,651.2
2026-07-06T00:00:00.000Z,23.60,0.1408,595.8
2026-07-06T01:00:00.000Z,22.56,0.1332,522.1
2026-07-06T02:00:00.000Z,20.33,0.1330,470.6
2026-07-06T03:00:00.000Z,18.44,0.1181,448.8
2026-07-06T04:00:00.000Z,17.51,0.1178,412.5
2026-07-06T05:00:00.000Z,15.41,0.1136,393.5
2026-07-06T06:00:00.000Z,14.16,0.1014,414.6
2026-07-06T07:00:00.000Z,12.38,0.0924,402.6
2026-07-06T08:00:00.000Z,12.13,0.1019,435.4
2026-07-06T09:00:00.000Z,11.77,0.0791,432.6
2026-07-06T10:00:00.000Z,11.53,0.0735,491.6
2026-07-06T11:00:00.000Z,12.17,0.0785,492.9
2026-07-06T12:00:00.000Z,14.12,0.0808,481.7
2026-07-06T13:00:00.000Z,15.92,0.0808,536.8
2026-07-06T14:00:00.000Z,16.94,0.0935,541.1
2026-07-06T15:00:00.000Z,18.74,0.0830,579.9
2026-07-06T16:00:00.000Z,21.09,0.0897,632.7
2026-07-06T17:00:00.000Z,21.43,0.0871,651.5
2026-07-06T18:00:00.000Z,23.35,0.1028,706.4
2026-07-06T19:00:00.000Z,24.14,0.1078,691.9
2026-07-06T20:00:00.000Z,25.22,0.1197,696.5
2026-07-06T21:00:00.000Z,25.40,0.1094,696.4
2026-07-06T22:00:00.000Z,26.41,0.1215,702.2
2026-07-06T23:00:00.000Z,24.57,0.1288,631.9
2026-07-07T00:00:00.000Z,20.94,0.1418,558.9
2026-07-07T01:00:00.000Z,20.91,0.1417,511.3
2026-07-07T02:00:00.000Z,18.40,0.1342,446.7
2026-07-07T03:00:00.000Z,16.81,0.1379,429.2
2026-07-07T04:00:00.000Z,15.29,0.1311,375.3
2026-07-07T05:00:00.000Z,12.69,0.1101,369.5
2026-07-07T06:00:00.000Z,12.01,0.1218,395.5
2026-07-07T07:00:00.000Z,10.95,0.1014,382.9
2026-07-07T08:00:00.000Z,9.14,0.0960,415.6
2026-07-07T09:00:00.000Z,8.93,0.0955,427.5
2026-07-07T10:00:00.000Z,10.03,0.0826,415.9
2026-07-07T11:00:00.000Z,11.18,0.0803,487.8
2026-07-07T12:00:00.000Z,11.26,0.0794,488.5
2026-07-07T13:00:00.000Z,13.19,0.0790,487.4
2026-07-07T14:00:00.000Z,14.72,0.0846,515.7
2026-07-07T15:00:00.000Z,15.99,0.0977,562.1
2026-07-07T16:00:00.000Z,19.32,0.0924,597.4
2026-07-07T17:00:00.000Z,20.49,0.1042,607.4
2026-07-07T18:00:00.000Z,22.43,0.1084,660.3
2026-07-07T19:00:00.000Z,23.62,0.1286,678.2
2026-07-07T20:00:00.000Z,24.06,0.1419,666.0
2026-07-07T21:00:00.000Z,24.48,0.1362,626.4
2026-07-07T22:00:00.000Z,22.73,0.1396,615.5
2026-07-07T23:00:00.000Z,23.45,0.1431,589.5
2026-07-08T00:00:00.000Z,19.78,0.1551,549.3
2026-07-08T01:00:00.000Z,20.44,0.1592,499.7
2026-07-08T02:00:00.000Z,17.41,0.1428,410.9
2026-07-08T03:00:00.000Z,15.99,0.1352,411.0
2026-07-08T04:00:00.000Z,12.95,0.1322,390.9
2026-07-08T05:00:00.000Z,11.40,0.1334,373.0
2026-07-08T06:00:00.000Z,9.01,0.1217,344.4
2026-07-08T07:00:00.000Z,7.92,0.1224,363.9
2026-07-08T08:00:00.000Z,8.64,0.1091,368.0
2026-07-08T09:00:00.000Z,8.23,0.1145,390.4
2026-07-08T10:00:00.000Z,8.48,0.1009,380.3
2026-07-08T11:00:00.000Z,8.28,0.1131,426.2
2026-07-08T12:00:00.000Z,10.42,0.0978,427.8
2026-07-08T13:00:00.000Z,11.04,0.1014,471.1
2026-07-08T14:00:00.000Z,13.33,0.1045,489.4
2026-07-08T15:00:00.000Z,15.65,0.0965,500.4
2026-07-08T16:00:00.000Z,16.98,0.1025,574.0
2026-07-08T17:00:00.000Z,18.01,0.1269,598.6
2026-07-08T18:00:00.000Z,20.85,0.1284,598.8
2026-07-08T19:00:00.000Z,21.39,0.1274,649.2
2026-07-08T20:00:00.000Z,21.73,0.1409,646.0
2026-07-08T21:00:00.000Z,23.13,0.1350,665.1
2026-07-08T22:00:00.000Z,21.16,0.1472,609.3
2026-07-08T23:00:00.000Z,21.97,0.1552,580.8
2026-07-09T00:00:00.000Z,20.27,0.1703,511.1
2026-07-09T01:00:00.000Z,17.37,0.1649,428.5
2026-07-09T02:00:00.000Z,15.70,0.1588,383.8
2026-07-09T03:00:00.000Z,15.78,0.1554,382.1
2026-07-09T04:00:00.000Z,13.78,0.1519,350.4
2026-07-09T05:00:00.000Z,11.01,0.1471,339.6
2026-07-09T06:00:00.000Z,10.00,0.1370,329.0
2026-07-09T07:00:00.000Z,8.35,0.1275,339.6
2026-07-09T08:00:00.000Z,8.80,0.1203,364.1
2026-07-09T09:00:00.000Z,8.65,0.1013,384.2
2026-07-09T10:00:00.000Z,9.45,0.1159,415.2
2026-07-09T11:00:00.000Z,10.30,0.1028,419.3
2026-07-09T12:00:00.000Z,11.04,0.1049,459.5
2026-07-09T13:00:00.000Z,11.24,0.0981,466.2
2026-07-09T14:00:00.000Z,12.46,0.1221,483.9
2026-07-09T15:00:00.000Z,13.69,0.1195,488.3
2026-07-09T16:00:00.000Z,17.60,0.1170,549.2
2026-07-09T17:00:00.000Z,18.85,0.1295,585.3
2026-07-09T18:00:00.000Z,19.91,0.1436,600.5
2026-07-09T19:00:00.000Z,21.25,0.1402,629.3
2026-07-09T20:00:00.000Z,20.79,0.1508,603.3
2026-07-09T21:00:00.000Z,21.42,0.1627,615.9
2026-07-09T22:00:00.000Z,21.24,0.1719,579.0
2026-07-09T23:00:00.000Z,21.72,0.1710,531.6
2026-07-10T00:00:00.000Z,21.57,0.1669,522.4
2026-07-10T01:00:00.000Z,19.51,0.1590,449.5
2026-07-10T02:00:00.000Z,17.42,0.1556,408.1
2026-07-10T03:00:00.000Z,17.13,0.1703,383.6
2026-07-10T04:00:00.000Z,13.88,0.1550,332.8
2026-07-10T05:00:00.000Z,12.90,0.1606,316.6
2026-07-10T06:00:00.000Z,10.42,0.1368,323.6
2026-07-10T07:00:00.000Z,10.42,0.1352,352.5
2026-07-10T08:00:00.000Z,8.47,0.1175,360.2
2026-07-10T09:00:00.000Z,8.91,0.1270,385.4
2026-07-10T10:00:00.000Z,9.63,0.1136,380.9
2026-07-10T11:00:00.000Z,10.03,0.1154,411.7
2026-07-10T12:00:00.000Z,10.95,0.1106,440.8
2026-07-10T13:00:00.000Z,12.96,0.1053,460.8
2026-07-10T14:00:00.000Z,14.58,0.1149,481.9
2026-07-10T15:00:00.000Z,17.02,0.1143,507.0
2026-07-10T16:00:00.000Z,18.37,0.1164,540.0
2026-07-10T17:00:00.000Z,18.71,0.1325,574.9
2026-07-10T18:00:00.000Z,20.17,0.1438,573.4
2026-07-10T19:00:00.000Z,22.81,0.1423,620.8
2026-07-10T20:00:00.000Z,22.00,0.1542,610.5
2026-07-10T21:00:00.000Z,23.46,0.1550,612.2
2026-07-10T22:00:00.000Z,22.58,0.1579,600.8
2026-07-10T23:00:00.000Z,22.18,0.1684,557.3
2026-07-11T00:00:00.000Z,22.86,0.1588,463.7
2026-07-11T01:00:00.000Z,21.54,0.1523,453.1
2026-07-11T02:00:00.000Z,19.50,0.1689,391.4
2026-07-11T03:00:00.000Z,19.01,0.1616,377.0
2026-07-11T04:00:00.000Z,15.38,0.1404,321.6
2026-07-11T05:00:00.000Z,13.80,0.1400,312.8
2026-07-11T06:00:00.000Z,12.66,0.1319,307.2
2026-07-11T07:00:00.000Z,11.80,0.1211,317.6
2026-07-11T08:00:00.000Z,11.93,0.1168,339.7
2026-07-11T09:00:00.000Z,10.52,0.1236,353.4
2026-07-11T10:00:00.000Z,10.36,0.1080,353.5
2026-07-11T11:00:00.000Z,11.56,0.1104,385.9
2026-07-11T12:00:00.000Z,13.63,0.1105,408.1
2026-07-11T13:00:00.000Z,15.14,0.0979,421.2
2026-07-11T14:00:00.000Z,15.16,0.1083,463.5
2026-07-11T15:00:00.000Z,18.77,0.1159,489.1
2026-07-11T16:00:00.000Z,20.27,0.1094,516.5
2026-07-11T17:00:00.000Z,21.30,0.1193,574.9
2026-07-11T18:00:00.000Z,23.35,0.1308,609.9
2026-07-11T19:00:00.000Z,24.25,0.1432,615.7
2026-07-11T20:00:00.000Z,24.43,0.1401,617.8
2026-07-11T21:00:00.000Z,24.17,0.1504,584.7
2026-07-11T22:00:00.000Z,25.40,0.1634,599.5
2026-07-11T23:00:00.000Z,24.18,0.1639,509.8
2026-07-12T00:00:00.000Z,27.47,0.1498,505.8
2026-07-12T01:00:00.000Z,26.19,0.1485,501.9
2026-07-12T02:00:00.000Z,23.66,0.1520,433.6
2026-07-12T03:00:00.000Z,22.58,0.1498,384.0
2026-07-12T04:00:00.000Z,20.58,0.1360,356.8
2026-07-12T05:00:00.000Z,18.12,0.1247,334.4
2026-07-12T06:00:00.000Z,16.59,0.1232,355.4
2026-07-12T07:00:00.000Z,16.68,0.1041,376.7
2026-07-12T08:00:00.000Z,15.59,0.1006,403.0
2026-07-12T09:00:00.000Z,15.41,0.1096,407.3
2026-07-12T10:00:00.000Z,15.84,0.0980,418.8
2026-07-12T11:00:00.000Z,16.54,0.0933,434.8
2026-07-12T12:00:00.000Z,17.47,0.1058,458.1
2026-07-12T13:00:00.000Z,17.63,0.0926,459.7
2026-07-12T14:00:00.000Z,21.40,0.0888,515.3
2026-07-12T15:00:00.000Z,21.80,0.0972,554.3
2026-07-12T16:00:00.000Z,23.57,0.1037,565.6
2026-07-12T17:00:00.000Z,26.59,0.1138,614.0
2026-07-12T18:00:00.000Z,27.38,0.1264,618.0
2026-07-12T19:00:00.000Z,28.07,0.1325,653.9
2026-07-12T20:00:00.000Z,29.41,0.1348,651.4
2026-07-12T21:00:00.000Z,29.12,0.1403,665.7
2026-07-12T22:00:00.000Z,29.18,0.1468,617.6
2026-07-12T23:00:00.000Z,27.71,0.1464,579.8
2026-07-13T00:00:00.000Z,34.97,0.1329,621.8
2026-07-13T01:00:00.000Z,31.14,0.1375,608.3
2026-07-13T02:00:00.000Z,29.80,0.1430,549.2
2026-07-13T03:00:00.000Z,28.92,0.1355,480.2
2026-07-13T04:00:00.000Z,26.40,0.1279,461.3
2026-07-13T05:00:00.000Z,23.57,0.1085,466.8
2026-07-13T06:00:00.000Z,23.77,0.1065,474.9
2026-07-13T07:00:00.000Z,22.95,0.0996,483.3
2026-07-13T08:00:00.000Z,23.45,0.0908,510.0
2026-07-13T09:00:00.000Z,21.75,0.0824,523.9
2026-07-13T10:00:00.000Z,22.28,0.0870,527.1
2026-07-13T11:00:00.000Z,23.60,0.0818,572.8
2026-07-13T12:00:00.000Z,23.31,0.0765,568.9
2026-07-13T13:00:00.000Z,25.51,0.0862,603.9
2026-07-13T14:00:00.000Z,27.18,0.0779,605.3
2026-07-13T15:00:00.000Z,29.09,0.0849,673.1
2026-07-13T16:00:00.000Z,31.94,0.0878,701.6
2026-07-13T17:00:00.000Z,33.11,0.0925,724.9
2026-07-13T18:00:00.000Z,32.84,0.0986,759.7
2026-07-13T19:00:00.000Z,35.14,0.1170,789.3
2026-07-13T20:00:00.000Z,36.08,0.1252,786.8
2026-07-13T21:00:00.000Z,35.91,0.1328,755.9
2026-07-13T22:00:00.000Z,35.73,0.1362,734.1
2026-07-13T23:00:00.000Z,36.08,0.1347,689.4
2026-07-14T00:00:00.000Z,30.32,0.1302,659.5
2026-07-14T01:00:00.000Z,28.12,0.1301,577.3
2026-07-14T02:00:00.000Z,26.01,0.1305,516.2
2026-07-14T03:00:00.000Z,24.40,0.1170,491.2
2026-07-14T04:00:00.000Z,21.21,0.1269,483.7
2026-07-14T05:00:00.000Z,21.47,0.1175,448.5
2026-07-14T06:00:00.000Z,19.44,0.1021,444.1
2026-07-14T07:00:00.000Z,19.30,0.0892,447.1
2026-07-14T08:00:00.000Z,18.20,0.0973,480.4
2026-07-14T09:00:00.000Z,17.62,0.0767,492.8
2026-07-14T10:00:00.000Z,18.84,0.0714,539.9
2026-07-14T11:00:00.000Z,19.12,0.0741,549.7
2026-07-14T12:00:00.000Z,19.42,0.0703,541.8
2026-07-14T13:00:00.000Z,22.39,0.0693,596.6
2026-07-14T14:00:00.000Z,22.91,0.0713,627.3
2026-07-14T15:00:00.000Z,25.79,0.0664,626.4
2026-07-14T16:00:00.000Z,27.06,0.0864,692.5
2026-07-14T17:00:00.000Z,28.65,0.0927,711.6
2026-07-14T18:00:00.000Z,29.63,0.0975,707.7
2026-07-14T19:00:00.000Z,31.44,0.1029,779.0
2026-07-14T20:00:00.000Z,32.08,0.1099,766.8
2026-07-14T21:00:00.000Z,32.46,0.1203,748.5
2026-07-14T22:00:00.000Z,31.26,0.1253,695.1
2026-07-14T23:00:00.000Z,31.63,0.1371,669.7
2026-07-15T00:00:00.000Z,28.26,0.1298,608.1
2026-07-15T01:00:00.000Z,27.45,0.1286,563.0
2026-07-15T02:00:00.000Z,24.82,0.1399,525.6
2026-07-15T03:00:00.000Z,22.48,0.1185,467.9
2026-07-15T04:00:00.000Z,21.44,0.1147,459.9
2026-07-15T05:00:00.000Z,18.53,0.1178,442.0
2026-07-15T06:00:00.000Z,18.58,0.1046,417.6
2026-07-15T07:00:00.000Z,16.58,0.0918,452.5
2026-07-15T08:00:00.000Z,16.08,0.0942,457.8
2026-07-15T09:00:00.000Z,16.39,0.0784,475.2
2026-07-15T10:00:00.000Z,16.83,0.0782,520.0
2026-07-15T11:00:00.000Z,16.64,0.0798,516.2
2026-07-15T12:00:00.000Z,16.35,0.0751,521.4
2026-07-15T13:00:00.000Z,20.30,0.0792,551.3
2026-07-15T14:00:00.000Z,20.52,0.0823,593.0
2026-07-15T15:00:00.000Z,22.34,0.0796,611.0
2026-07-15T16:00:00.000Z,24.55,0.0832,651.5
2026-07-15T17:00:00.000Z,25.77,0.0900,695.4
2026-07-15T18:00:00.000Z,27.67,0.0943,730.2
2026-07-15T19:00:00.000Z,28.23,0.1058,729.0
2026-07-15T20:00:00.000Z,30.91,0.1166,769.3
2026-07-15T21:00:00.000Z,30.07,0.1299,723.2
2026-07-15T22:00:00.000Z,30.16,0.1267,699.5
2026-07-15T23:00:00.000Z,30.43,0.1300,669.8
2026-07-16T00:00:00.000Z,25.75,0.1399,604.4
2026-07-16T01:00:00.000Z,24.86,0.1391,543.8
2026-07-16T02:00:00.000Z,23.32,0.1346,515.2
2026-07-16T03:00:00.000Z,20.24,0.1350,458.0
2026-07-16T04:00:00.000Z,18.96,0.1186,403.3
2026-07-16T05:00:00.000Z,17.71,0.1214,424.3
2026-07-16T06:00:00.000Z,16.77,0.1069,403.0
2026-07-16T07:00:00.000Z,16.74,0.1036,461.9
2026-07-16T08:00:00.000Z,14.59,0.1052,461.2
2026-07-16T09:00:00.000Z,14.35,0.0896,418.8
2026-07-16T10:00:00.000Z,14.41,0.0952,500.0
2026-07-16T11:00:00.000Z,15.30,0.0756,486.7
2026-07-16T12:00:00.000Z,16.13,0.0739,505.0
2026-07-16T13:00:00.000Z,17.36,0.0839,552.6
2026-07-16T14:00:00.000Z,18.98,0.0879,556.2
2026-07-16T15:00:00.000Z,20.71,0.0959,597.9
2026-07-16T16:00:00.000Z,22.52,0.0978,621.1
2026-07-16T17:00:00.000Z,25.31,0.1014,647.5
2026-07-16T18:00:00.000Z,25.60,0.1236,683.8
2026-07-16T19:00:00.000Z,27.00,0.1216,706.7
2026-07-16T20:00:00.000Z,27.31,0.1377,674.4
2026-07-16T21:00:00.000Z,27.75,0.1383,663.7
2026-07-16T22:00:00.000Z,27.48,0.1325,650.0
2026-07-16T23:00:00.000Z,28.20,0.1418,634.2
2026-07-17T00:00:00.000Z,23.48,0.1558,562.7
2026-07-17T01:00:00.000Z,22.16,0.1364,513.4
2026-07-17T02:00:00.000Z,20.67,0.1466,480.3
2026-07-17T03:00:00.000Z,19.46,0.1421,423.1
2026-07-17T04:00:00.000Z,17.13,0.1447,366.2
2026-07-17T05:00:00.000Z,15.05,0.1368,389.2
2026-07-17T06:00:00.000Z,13.04,0.1236,355.7
2026-07-17T07:00:00.000Z,13.66,0.1091,373.0
2026-07-17T08:00:00.000Z,11.38,0.1106,392.3
2026-07-17T09:00:00.000Z,12.06,0.1059,403.3
2026-07-17T10:00:00.000Z,12.64,0.0996,427.0
2026-07-17T11:00:00.000Z,13.76,0.0889,438.8
2026-07-17T12:00:00.000Z,13.28,0.0921,482.2
2026-07-17T13:00:00.000Z,15.67,0.0938,493.5
2026-07-17T14:00:00.000Z,16.45,0.1020,525.8
2026-07-17T15:00:00.000Z,19.35,0.0987,571.4
2026-07-17T16:00:00.000Z,19.34,0.1110,598.0
2026-07-17T17:00:00.000Z,21.92,0.1247,609.6
2026-07-17T18:00:00.000Z,23.67,0.1272,636.3
2026-07-17T19:00:00.000Z,25.47,0.1304,660.5
2026-07-17T20:00:00.000Z,25.41,0.1385,658.3
2026-07-17T21:00:00.000Z,25.84,0.1475,648.2
2026-07-17T22:00:00.000Z,24.91,0.1539,618.4
2026-07-17T23:00:00.000Z,24.57,0.1565,587.8
2026-07-18T00:00:00.000Z,22.41,0.1586,491.5
2026-07-18T01:00:00.000Z,20.05,0.1647,424.2
2026-07-18T02:00:00.000Z,19.33,0.1707,378.4
2026-07-18T03:00:00.000Z,16.40,0.1491,316.0
2026-07-18T04:00:00.000Z,13.84,0.1479,317.5
2026-07-18T05:00:00.000Z,12.08,0.1418,296.2
2026-07-18T06:00:00.000Z,13.21,0.1453,298.2
2026-07-18T07:00:00.000Z,10.65,0.1268,313.7
2026-07-18T08:00:00.000Z,10.35,0.1178,323.1
2026-07-18T09:00:00.000Z,8.82,0.1190,341.2
2026-07-18T10:00:00.000Z,9.06,0.1135,346.3
2026-07-18T11:00:00.000Z,11.17,0.1051,361.5
2026-07-18T12:00:00.000Z,12.17,0.1075,410.3
2026-07-18T13:00:00.000Z,13.31,0.1102,441.0
2026-07-18T14:00:00.000Z,14.95,0.1258,451.1
2026-07-18T15:00:00.000Z,17.44,0.1171,470.7
2026-07-18T16:00:00.000Z,18.38,0.1180,495.5
2026-07-18T17:00:00.000Z,20.83,0.1256,547.6
2026-07-18T18:00:00.000Z,21.41,0.1357,577.2
2026-07-18T19:00:00.000Z,22.55,0.1458,573.5
2026-07-18T20:00:00.000Z,23.85,0.1546,585.5
2026-07-18T21:00:00.000Z,23.52,0.1626,570.3
2026-07-18T22:00:00.000Z,23.04,0.1678,560.1
2026-07-18T23:00:00.000Z,23.48,0.1637,506.1
2026-07-19T00:00:00.000Z,20.12,0.1575,484.8
2026-07-19T01:00:00.000Z,18.12,0.1699,411.9
2026-07-19T02:00:00.000Z,17.73,0.1815,349.7
2026-07-19T03:00:00.000Z,14.55,0.1545,282.1
2026-07-19T04:00:00.000Z,14.22,0.1554,279.5
2026-07-19T05:00:00.000Z,11.74,0.1531,287.2
2026-07-19T06:00:00.000Z,10.31,0.1368,275.2
2026-07-19T07:00:00.000Z,7.98,0.1369,291.7
2026-07-19T08:00:00.000Z,7.34,0.1328,287.1
2026-07-19T09:00:00.000Z,7.98,0.1216,313.5
2026-07-19T10:00:00.000Z,7.15,0.1105,340.5
2026-07-19T11:00:00.000Z,9.41,0.1086,372.2
2026-07-19T12:00:00.000Z,10.10,0.1160,382.2
2026-07-19T13:00:00.000Z,11.86,0.1112,398.2
2026-07-19T14:00:00.000Z,13.46,0.1176,417.6
2026-07-19T15:00:00.000Z,15.30,0.1067,458.2
2026-07-19T16:00:00.000Z,17.09,0.1217,522.0
2026-07-19T17:00:00.000Z,18.73,0.1275,538.4
2026-07-19T18:00:00.000Z,20.62,0.1451,573.2
2026-07-19T19:00:00.000Z,20.92,0.1468,558.4
2026-07-19T20:00:00.000Z,22.64,0.1622,598.8
2026-07-19T21:00:00.000Z,22.17,0.1619,559.3
2026-07-19T22:00:00.000Z,21.96,0.1599,539.6
2026-07-19T23:00:00.000Z,23.13,0.1668,528.3
2026-07-20T00:00:00.000Z,20.05,0.1580,503.5
2026-07-20T01:00:00.000Z,19.10,0.1663,472.0
2026-07-20T02:00:00.000Z,17.02,0.1580,390.6
2026-07-20T03:00:00.000Z,14.64,0.1506,384.4
2026-07-20T04:00:00.000Z,13.91,0.1510,333.1
2026-07-20T05:00:00.000Z,11.69,0.1290,331.5
2026-07-20T06:00:00.000Z,9.96,0.1225,346.4
2026-07-20T07:00:00.000Z,9.57,0.1211,351.1
2026-07-20T08:00:00.000Z,10.40,0.1194,390.0
2026-07-20T09:00:00.000Z,8.05,0.1224,404.5
2026-07-20T10:00:00.000Z,8.59,0.1136,386.8
2026-07-20T11:00:00.000Z,9.08,0.1084,396.9
2026-07-20T12:00:00.000Z,9.92,0.1080,416.6
2026-07-20T13:00:00.000Z,11.64,0.1072,435.0
2026-07-20T14:00:00.000Z,12.70,0.1001,486.1
2026-07-20T15:00:00.000Z,14.78,0.1169,517.7
2026-07-20T16:00:00.000Z,16.38,0.1145,544.6
2026-07-20T17:00:00.000Z,18.58,0.1191,572.6
2026-07-20T18:00:00.000Z,20.36,0.1308,613.1
2026-07-20T19:00:00.000Z,20.41,0.1440,622.3
2026-07-20T20:00:00.000Z,22.97,0.1489,639.0
2026-07-20T21:00:00.000Z,22.04,0.1576,623.9
2026-07-20T22:00:00.000Z,21.54,0.1581,600.9
2026-07-20T23:00:00.000Z,19.70,0.1781,565.6
2026-07-21T00:00:00.000Z,20.10,0.1461,486.8
2026-07-21T01:00:00.000Z,18.57,0.1475,480.8
2026-07-21T02:00:00.000Z,17.53,0.1526,441.3
2026-07-21T03:00:00.000Z,16.19,0.1414,400.8
2026-07-21T04:00:00.000Z,13.19,0.1350,374.7
2026-07-21T05:00:00.000Z,12.12,0.1303,370.8
2026-07-21T06:00:00.000Z,9.48,0.1216,334.8
2026-07-21T07:00:00.000Z,8.39,0.1059,340.0
2026-07-21T08:00:00.000Z,9.56,0.0951,396.3
2026-07-21T09:00:00.000Z,9.14,0.0995,409.1
2026-07-21T10:00:00.000Z,9.86,0.0938,431.1
2026-07-21T11:00:00.000Z,9.23,0.1069,438.0
2026-07-21T12:00:00.000Z,11.10,0.0887,463.0
2026-07-21T13:00:00.000Z,12.95,0.0967,503.5
2026-07-21T14:00:00.000Z,14.85,0.0934,506.8
2026-07-21T15:00:00.000Z,17.17,0.1062,567.5
2026-07-21T16:00:00.000Z,18.16,0.1025,561.9
2026-07-21T17:00:00.000Z,18.15,0.1130,562.7
2026-07-21T18:00:00.000Z,22.05,0.1150,630.5
2026-07-21T19:00:00.000Z,21.81,0.1318,670.0
2026-07-21T20:00:00.000Z,22.01,0.1408,650.2
2026-07-21T21:00:00.000Z,23.77,0.1418,641.5
2026-07-21T22:00:00.000Z,22.75,0.1471,603.3
2026-07-21T23:00:00.000Z,21.50,0.1579,559.8
2026-07-22T00:00:00.000Z,22.16,0.1442,518.5
2026-07-22T01:00:00.000Z,21.24,0.1448,491.2
2026-07-22T02:00:00.000Z,19.47,0.1384,469.0
2026-07-22T03:00:00.000Z,17.19,0.1233,429.2
2026-07-22T04:00:00.000Z,15.33,0.1144,429.4
2026-07-22T05:00:00.000Z,15.22,0.1182,419.3
2026-07-22T06:00:00.000Z,12.73,0.1094,377.9
2026-07-22T07:00:00.000Z,13.11,0.0935,416.0
2026-07-22T08:00:00.000Z,10.31,0.0894,426.8
2026-07-22T09:00:00.000Z,10.35,0.0846,423.4
2026-07-22T10:00:00.000Z,11.16,0.0746,446.5
2026-07-22T11:00:00.000Z,12.01,0.0695,469.5
2026-07-22T12:00:00.000Z,13.60,0.0619,504.1
2026-07-22T13:00:00.000Z,14.48,0.0816,540.0
2026-07-22T14:00:00.000Z,15.56,0.0819,539.4
2026-07-22T15:00:00.000Z,18.04,0.0949,566.6
2026-07-22T16:00:00.000Z,20.56,0.0953,612.3
2026-07-22T17:00:00.000Z,21.29,0.0984,616.9
2026-07-22T18:00:00.000Z,22.60,0.1051,666.8
2026-07-22T19:00:00.000Z,25.08,0.1109,694.9
2026-07-22T20:00:00.000Z,24.99,0.1205,733.8
2026-07-22T21:00:00.000Z,24.51,0.1282,673.9
2026-07-22T22:00:00.000Z,26.46,0.1379,651.6
2026-07-22T23:00:00.000Z,22.97,0.1373,593.0
2026-07-23T00:00:00.000Z,26.50,0.1344,584.7
2026-07-23T01:00:00.000Z,23.78,0.1236,550.5
2026-07-23T02:00:00.000Z,21.97,0.1250,511.7
2026-07-23T03:00:00.000Z,20.92,0.1230,472.6
2026-07-23T04:00:00.000Z,18.30,0.1143,437.4
2026-07-23T05:00:00.000Z,17.22,0.1112,436.4
2026-07-23T06:00:00.000Z,16.47,0.1086,422.0
2026-07-23T07:00:00.000Z,14.72,0.0920,439.9
2026-07-23T08:00:00.000Z,12.33,0.0814,457.7
2026-07-23T09:00:00.000Z,13.49,0.0829,480.0
2026-07-23T10:00:00.000Z,12.90,0.0718,469.4
2026-07-23T11:00:00.000Z,14.24,0.0748,500.1
2026-07-23T12:00:00.000Z,16.65,0.0791,508.5
2026-07-23T13:00:00.000Z,17.60,0.0744,525.7
2026-07-23T14:00:00.000Z,18.63,0.0611,558.3
2026-07-23T15:00:00.000Z,19.44,0.0780,613.4
2026-07-23T16:00:00.000Z,20.58,0.0904,624.6
2026-07-23T17:00:00.000Z,23.35,0.0978,684.7
2026-07-23T18:00:00.000Z,26.00,0.0973,694.5
2026-07-23T19:00:00.000Z,26.16,0.1118,714.8
2026-07-23T20:00:00.000Z,27.17,0.1177,712.1
2026-07-23T21:00:00.000Z,26.80,0.1232,720.2
2026-07-23T22:00:00.000Z,26.05,0.1242,679.7
2026-07-23T23:00:00.000Z,25.29,0.1435,650.4
2026-07-24T00:00:00.000Z,26.42,0.1285,555.9
2026-07-24T01:00:00.000Z,26.52,0.1389,574.5
2026-07-24T02:00:00.000Z,25.21,0.1202,511.2
2026-07-24T03:00:00.000Z,21.74,0.1211,485.4
2026-07-24T04:00:00.000Z,20.52,0.1085,464.2
2026-07-24T05:00:00.000Z,18.88,0.1127,472.3
2026-07-24T06:00:00.000Z,16.66,0.1187,425.8
2026-07-24T07:00:00.000Z,15.76,0.0851,426.6
2026-07-24T08:00:00.000Z,15.22,0.0880,477.9
2026-07-24T09:00:00.000Z,15.78,0.0751,473.6
2026-07-24T10:00:00.000Z,14.95,0.0753,500.3
2026-07-24T11:00:00.000Z,16.51,0.0669,507.5
2026-07-24T12:00:00.000Z,17.03,0.0650,535.2
2026-07-24T13:00:00.000Z,19.31,0.0762,581.3
2026-07-24T14:00:00.000Z,19.46,0.0733,556.7
2026-07-24T15:00:00.000Z,22.52,0.0749,634.5
2026-07-24T16:00:00.000Z,22.26,0.0838,650.0
2026-07-24T17:00:00.000Z,25.21,0.0979,687.2
2026-07-24T18:00:00.000Z,26.07,0.1053,699.9
2026-07-24T19:00:00.000Z,28.28,0.1057,693.0
2026-07-24T20:00:00.000Z,29.55,0.1169,722.2
2026-07-24T21:00:00.000Z,29.64,0.1284,733.1
2026-07-24T22:00:00.000Z,27.93,0.1242,696.0
2026-07-24T23:00:00.000Z,29.06,0.1365,653.5
2026-07-25T00:00:00.000Z,28.59,0.1471,579.4
2026-07-25T01:00:00.000Z,26.36,0.1385,490.6
2026-07-25T02:00:00.000Z,24.84,0.1332,475.8
2026-07-25T03:00:00.000Z,24.24,0.1348,422.3
2026-07-25T04:00:00.000Z,22.52,0.1300,395.4
2026-07-25T05:00:00.000Z,19.52,0.1203,375.9
2026-07-25T06:00:00.000Z,17.72,0.1165,376.0
2026-07-25T07:00:00.000Z,17.35,0.1132,380.8
2026-07-25T08:00:00.000Z,16.91,0.0902,381.0
2026-07-25T09:00:00.000Z,16.89,0.0950,433.9
2026-07-25T10:00:00.000Z,15.39,0.0815,440.6
2026-07-25T11:00:00.000Z,17.90,0.0777,454.3
2026-07-25T12:00:00.000Z,18.57,0.0806,462.1
2026-07-25T13:00:00.000Z,19.67,0.0809,484.8
2026-07-25T14:00:00.000Z,21.53,0.0950,543.4
2026-07-25T15:00:00.000Z,22.32,0.0834,538.1
2026-07-25T16:00:00.000Z,25.67,0.0967,595.3
2026-07-25T17:00:00.000Z,26.00,0.1073,621.3
2026-07-25T18:00:00.000Z,27.12,0.1133,638.7
2026-07-25T19:00:00.000Z,28.62,0.1127,672.9
2026-07-25T20:00:00.000Z,29.16,0.1257,682.7
2026-07-25T21:00:00.000Z,28.83,0.1384,659.6
2026-07-25T22:00:00.000Z,29.26,0.1407,608.5
2026-07-25T23:00:00.000Z,28.77,0.1489,596.2
2026-07-26T00:00:00.000Z,27.18,0.1545,530.4
2026-07-26T01:00:00.000Z,26.76,0.1500,475.7
2026-07-26T02:00:00.000Z,24.47,0.1511,418.4
2026-07-26T03:00:00.000Z,23.74,0.1506,390.2
2026-07-26T04:00:00.000Z,20.38,0.1324,342.7
2026-07-26T05:00:00.000Z,18.37,0.1307,379.7
2026-07-26T06:00:00.000Z,17.43,0.1258,373.1
2026-07-26T07:00:00.000Z,17.24,0.1168,379.5
2026-07-26T08:00:00.000Z,16.31,0.1138,403.2
2026-07-26T09:00:00.000Z,16.30,0.1071,394.0
2026-07-26T10:00:00.000Z,15.65,0.1001,388.7
2026-07-26T11:00:00.000Z,17.75,0.1060,430.7
2026-07-26T12:00:00.000Z,17.96,0.0967,446.9
2026-07-26T13:00:00.000Z,18.21,0.0932,492.0
2026-07-26T14:00:00.000Z,20.60,0.1042,517.1
2026-07-26T15:00:00.000Z,22.12,0.0985,511.8
2026-07-26T16:00:00.000Z,23.98,0.1135,556.7
2026-07-26T17:00:00.000Z,27.59,0.1116,588.4
2026-07-26T18:00:00.000Z,27.87,0.1137,636.0
2026-07-26T19:00:00.000Z,29.11,0.1351,657.2
2026-07-26T20:00:00.000Z,30.04,0.1436,649.3
2026-07-26T21:00:00.000Z,29.59,0.1520,646.1
2026-07-26T22:00:00.000Z,30.08,0.1397,608.1
2026-07-26T23:00:00.000Z,29.31,0.1538,606.2
2026-07-27T00:00:00.000Z,26.10,0.1663,574.0
2026-07-27T01:00:00.000Z,24.68,0.1725,500.4
2026-07-27T02:00:00.000Z,22.41,0.1644,446.0
2026-07-27T03:00:00.000Z,20.67,0.1630,400.8
2026-07-27T04:00:00.000Z,20.33,0.1466,379.9
2026-07-27T05:00:00.000Z,18.01,0.1483,363.5
2026-07-27T06:00:00.000Z,15.58,0.1347,367.2
2026-07-27T07:00:00.000Z,14.29,0.1371,428.9
2026-07-27T08:00:00.000Z,15.34,0.1199,405.3
2026-07-27T09:00:00.000Z,15.03,0.1113,430.6
2026-07-27T10:00:00.000Z,14.71,0.1060,440.4
2026-07-27T11:00:00.000Z,14.42,0.1058,478.8
2026-07-27T12:00:00.000Z,16.89,0.1032,461.4
2026-07-27T13:00:00.000Z,17.91,0.1150,494.1
2026-07-27T14:00:00.000Z,19.82,0.1185,524.5
2026-07-27T15:00:00.000Z,20.94,0.1231,550.9
2026-07-27T16:00:00.000Z,23.07,0.1196,562.7
2026-07-27T17:00:00.000Z,24.43,0.1325,608.2
2026-07-27T18:00:00.000Z,25.47,0.1324,656.6
2026-07-27T19:00:00.000Z,26.86,0.1394,674.2
2026-07-27T20:00:00.000Z,28.37,0.1515,704.9
2026-07-27T21:00:00.000Z,28.11,0.1526,667.3
2026-07-27T22:00:00.000Z,27.26,0.1629,613.1
2026-07-27T23:00:00.000Z,26.64,0.1710,598.3
2026-07-28T00:00:00.000Z,23.20,0.1655,515.3
2026-07-28T01:00:00.000Z,22.14,0.1609,460.9
2026-07-28T02:00:00.000Z,20.61,0.1614,455.5
2026-07-28T03:00:00.000Z,19.26,0.1639,383.5
2026-07-28T04:00:00.000Z,16.61,0.1488,349.8
2026-07-28T05:00:00.000Z,14.84,0.1459,348.6
2026-07-28T06:00:00.000Z,14.53,0.1382,352.1
2026-07-28T07:00:00.000Z,12.53,0.1453,383.9
2026-07-28T08:00:00.000Z,11.31,0.1239,351.2
2026-07-28T09:00:00.000Z,11.55,0.1202,398.9
2026-07-28T10:00:00.000Z,12.19,0.1115,415.4
2026-07-28T11:00:00.000Z,12.85,0.1091,420.2
2026-07-28T12:00:00.000Z,13.31,0.1032,457.1
2026-07-28T13:00:00.000Z,15.23,0.1022,458.9
2026-07-28T14:00:00.000Z,16.50,0.1092,513.5
2026-07-28T15:00:00.000Z,18.34,0.1203,534.9
2026-07-28T16:00:00.000Z,20.30,0.1243,565.8
2026-07-28T17:00:00.000Z,22.62,0.1241,609.9
2026-07-28T18:00:00.000Z,23.78,0.1210,639.7
2026-07-28T19:00:00.000Z,24.48,0.1427,667.6
2026-07-28T20:00:00.000Z,26.06,0.1538,666.7
2026-07-28T21:00:00.000Z,26.58,0.1674,631.4
2026-07-28T22:00:00.000Z,25.59,0.1757,596.1
2026-07-28T23:00:00.000Z,25.05,0.1790,563.9
